Project,Type,NOF,NOM,NOP,NOPF,NOPM,LOC,WMC,NC,DIT,LCOM,Fan-Out,Fan-In
greenshot,LangKey,0,0,0,0,0,56,0,0,0,-1,0,14
greenshot,ContextMenuToolStripProfessionalRenderer,3,2,0,0,1,22,3,0,0,0,4,0
greenshot,ClipboardDestination,0,1,5,0,1,36,1,0,1,-1,10,1
greenshot,EmailDestination,3,2,6,0,1,53,3,0,1,1,9,1
greenshot,FileDestination,2,2,5,0,1,111,7,0,1,0,15,1
greenshot,FileWithDialogDestination,1,1,5,0,1,31,2,0,1,0,11,1
greenshot,PickerDestination,0,1,3,0,1,32,4,0,1,-1,9,1
greenshot,PrinterDestination,1,4,6,0,4,91,9,0,1,0.75,10,1
greenshot,AboutForm,38,7,0,0,1,529,28,0,1,0.569999993,12,1
greenshot,AnimatingBaseForm,0,0,0,0,0,3,0,1,1,-1,1,1
greenshot,BaseForm,0,0,0,0,0,3,0,4,1,-1,1,4
greenshot,BugReportForm,5,6,0,0,1,126,8,0,2,0.5,3,1
greenshot,CaptureForm,24,25,4,0,1,1085,135,0,1,0.159999996,15,1
greenshot,FixMode,0,0,0,0,0,7,0,0,0,-1,0,1
greenshot,LanguageDialog,6,7,1,0,1,133,12,0,0,0.430000007,2,1
greenshot,MainForm,35,71,0,1,10,1951,216,0,2,0.270000011,65,3
greenshot,PrintOptionsDialog,15,5,0,0,1,301,8,0,2,0.400000006,2,1
greenshot,SettingsForm,104,40,0,0,1,2060,101,0,2,0.119999997,18,2
greenshot,ListviewWithDestinationComparer,0,1,0,0,1,28,6,0,0,-1,0,1
greenshot,ToolStripMenuSelectList,5,6,1,0,4,109,14,0,0,0,6,1
greenshot,ItemCheckedChangedEventArgs,0,1,1,0,1,8,1,0,0,-1,1,2
greenshot,ToolStripMenuSelectListItem,0,0,1,0,0,4,0,0,0,-1,0,3
greenshot,GreenshotMain,0,3,0,0,1,32,5,0,0,-1,1,0
greenshot,CaptureHelper,9,35,1,0,20,1045,151,0,0,0,34,2
greenshot,CommandEnum,0,0,0,0,0,7,0,0,0,-1,0,2
greenshot,CopyDataTransport,1,5,1,0,5,26,5,0,0,0,1,1
greenshot,CopyData,3,6,1,0,2,108,11,0,0,0,4,1
greenshot,COPYDATASTRUCT,6,0,0,6,0,13,0,0,0,-1,0,2
greenshot,CopyDataReceivedEventArgs,0,1,4,0,0,34,1,0,0,-1,0,2
greenshot,CopyDataChannels,1,8,0,0,5,110,10,0,0,0.879999995,1,1
greenshot,CopyDataChannel,3,11,1,0,3,146,18,0,0,0,3,1
greenshot,CopyDataObjectData,3,1,0,3,1,33,2,0,0,0,0,2
greenshot,IeCaptureHelper,2,11,0,0,6,666,64,0,0,0.180000007,15,2
greenshot,MapiMailMessage,3,11,4,0,6,346,26,0,0,0.180000007,14,3
greenshot,MapiFileDescriptor,6,0,0,6,0,10,0,0,0,-1,0,1
greenshot,RecipientType,0,0,0,0,0,15,0,0,0,-1,0,2
greenshot,MAPI_CODES,0,0,0,0,0,31,0,0,0,-1,0,1
greenshot,MapiHelperInterop,0,2,0,0,1,39,2,0,0,-1,0,3
greenshot,MapiMessage,12,0,0,12,0,16,0,0,0,-1,0,1
greenshot,MapiRecipDesc,6,0,0,6,0,10,0,0,0,-1,0,2
greenshot,Recipient,3,2,0,3,1,42,3,0,0,0,4,2
greenshot,RecipientCollection,0,2,0,0,1,67,2,0,0,-1,5,1
greenshot,InteropRecipientCollection,1,2,1,0,2,50,6,0,0,0,0,1
greenshot,NotifyIconNotificationService,3,5,0,0,4,91,7,0,1,0,4,1
greenshot,PluginHelper,5,12,1,0,10,194,23,0,1,0.920000017,15,2
greenshot,PrintHelper,6,9,0,0,4,214,26,0,0,0,14,1
greenshot,ResourceMutex,5,5,1,0,3,129,8,0,0,0,0,1
greenshot,SoundHelper,4,3,0,0,3,74,9,0,0,0,2,2
greenshot,StartupHelper,4,11,0,0,10,253,25,0,0,0,0,1
greenshot,UpdateService,6,6,5,1,2,154,12,0,0,0,7,1
greenshot,UpdateFeed,0,0,2,0,0,6,0,0,0,-1,0,1
greenshot,DocumentContainer,17,14,29,0,5,472,26,0,0,0,14,1
greenshot,TitleFixProcessor,2,2,2,0,2,47,9,0,1,0,5,1
greenshot,AnimatingForm,3,5,3,0,0,85,7,2,1,0.600000024,1,2
greenshot,BackgroundForm,4,8,0,0,3,132,15,0,0,0.25,1,2
greenshot,ExtendedWebBrowser,0,1,0,0,0,33,1,0,0,-1,2,0
greenshot,ExtendedWebBrowserSite,4,3,0,0,3,26,5,0,1,0.670000017,0,1
greenshot,FormWithoutActivation,0,0,1,0,0,7,0,1,0,-1,0,1
greenshot,GreenshotButton,0,0,1,0,0,5,0,0,1,-1,1,0
greenshot,GreenshotCheckBox,0,0,3,0,0,9,0,0,1,-1,2,0
greenshot,GreenshotColumnSorter,3,2,2,0,2,82,7,0,0,0,0,1
greenshot,GreenshotComboBox,2,5,2,0,4,76,10,0,1,0,2,1
greenshot,GreenshotDoubleClickButton,0,1,0,0,1,7,1,0,0,-1,0,1
greenshot,GreenshotForm,9,22,6,0,0,555,90,6,1,0.230000004,10,6
greenshot,GreenshotGroupBox,0,0,1,0,0,5,0,0,1,-1,1,0
greenshot,GreenshotLabel,0,0,1,0,0,5,0,0,1,-1,1,0
greenshot,GreenshotRadioButton,0,0,3,0,0,9,0,0,1,-1,2,0
greenshot,GreenshotTabPage,0,0,1,0,0,5,0,0,1,-1,1,0
greenshot,GreenshotTextBox,0,0,2,0,0,7,0,1,1,-1,1,2
greenshot,GreenshotToolStripDropDownButton,0,0,1,0,0,5,0,0,1,-1,1,0
greenshot,GreenshotToolStripButton,0,0,1,0,0,5,0,0,1,-1,1,1
greenshot,GreenshotToolStripLabel,0,0,1,0,0,5,0,0,1,-1,1,0
greenshot,GreenshotToolStripMenuItem,0,0,1,0,0,5,0,0,1,-1,1,0
greenshot,HotkeyControl,12,27,4,0,17,557,81,0,2,0.150000006,4,3
greenshot,Modifiers,0,0,0,0,0,10,0,0,0,-1,0,1
greenshot,MapType,0,0,0,0,0,14,0,0,0,-1,0,1
greenshot,IGreenshotConfigBindable,0,0,2,0,0,11,0,4,0,-1,0,5
greenshot,IGreenshotLanguageBindable,0,0,1,0,0,7,0,16,0,-1,0,16
greenshot,OAuthLoginForm,5,9,2,0,1,135,13,0,0,0.439999998,4,2
greenshot,PleaseWaitForm,7,5,1,0,2,176,9,0,0,0.400000006,2,2
greenshot,QualityDialog,8,5,1,0,1,158,8,0,2,0.400000006,5,2
greenshot,SaveImageFileDialog,6,9,4,0,3,183,18,0,0,0,6,1
greenshot,FilterOption,2,0,0,2,0,5,0,0,0,-1,0,1
greenshot,ThumbnailForm,2,5,0,0,4,103,16,0,1,0,5,1
greenshot,AbstractDestination,2,11,9,0,8,340,24,17,1,0.550000012,10,17
greenshot,AbstractProcessor,0,4,4,0,3,29,6,2,1,-1,3,2
greenshot,Accessible,3,9,6,0,3,176,16,0,0,0.330000013,1,2
greenshot,OBJID,0,0,0,0,0,4,0,0,0,-1,0,1
greenshot,IAnimator,0,0,3,0,0,15,0,1,0,-1,0,2
greenshot,AnimationLeg<T>,0,0,4,0,0,7,0,0,0,-1,2,1
greenshot,AnimatorBase<T>,1,8,11,0,8,189,8,0,1,0.879999995,5,5
greenshot,RectangleAnimator,0,4,0,0,4,37,5,0,0,-1,3,2
greenshot,PointAnimator,0,4,0,0,4,32,5,0,0,-1,3,0
greenshot,SizeAnimator,0,4,0,0,4,32,5,0,0,-1,3,0
greenshot,ColorAnimator,0,4,0,0,4,36,5,0,0,-1,3,1
greenshot,IntAnimator,0,4,0,0,4,29,5,0,0,-1,3,0
greenshot,Easing,0,5,0,0,5,87,5,0,0,-1,3,1
greenshot,Sine,0,3,0,0,3,15,3,0,0,-1,0,1
greenshot,Power,0,3,0,0,3,22,4,0,0,-1,0,1
greenshot,EasingType,0,0,0,0,0,10,0,0,0,-1,0,10
greenshot,EasingMode,0,0,0,0,0,6,0,0,0,-1,0,9
greenshot,BinaryStructHelper,0,4,0,0,4,75,4,0,0,-1,0,2
greenshot,"Cache<TK,TV>",5,8,1,0,8,201,10,0,0,0.379999995,1,2
greenshot,CachedItem,2,3,2,0,1,44,6,0,0,0,0,1
greenshot,Capture,7,7,8,0,6,232,9,0,1,0.569999993,5,5
greenshot,CaptureDetails,0,6,9,0,6,70,11,0,1,-1,4,2
greenshot,CaptureHandler,0,0,1,0,0,7,0,0,0,-1,0,1
greenshot,ClipboardHelper,16,32,0,0,18,1138,104,0,0,0.090000004,16,9
greenshot,CoreConfiguration,1,8,90,0,7,502,39,0,1,0.620000005,9,37
greenshot,CredentialsDialog,8,12,13,0,7,326,24,0,0,0.5,4,2
greenshot,CredUi,5,2,0,5,2,74,2,0,0,1,3,1
greenshot,CredFlags,0,0,0,0,0,13,0,0,0,-1,0,2
greenshot,ReturnCodes,0,0,0,0,0,11,0,0,0,-1,0,2
greenshot,INFO,5,0,0,5,0,8,0,0,0,-1,0,2
greenshot,DestinationHelper,1,4,0,0,4,62,8,0,0,0.5,8,5
greenshot,DisplayKeyAttribute,0,2,1,0,2,12,2,0,0,-1,0,1
greenshot,EffectConverter,1,9,0,0,5,192,42,0,0,0.330000013,2,2
greenshot,EnvironmentInfo,1,5,1,0,5,197,28,0,0,0,2,3
greenshot,OsInfo,2,0,5,0,0,275,0,0,0,-1,1,2
greenshot,EventDelay,2,2,0,0,2,19,2,0,0,0,0,1
greenshot,ExplorerHelper,0,1,0,0,1,42,4,0,0,-1,0,3
greenshot,IFastBitmap,0,11,9,0,0,108,11,3,0,-1,0,10
greenshot,IFastBitmapWithOffset,0,5,2,0,0,42,5,1,1,-1,1,1
greenshot,IFastBitmapWithClip,0,3,2,0,0,26,3,1,1,-1,1,1
greenshot,IFastBitmapWithBlend,0,1,1,0,0,5,1,1,1,-1,1,2
greenshot,FastBitmap,16,28,13,4,18,393,39,4,2,0.140000001,8,10
greenshot,FastChunkyBitmap,2,7,0,0,7,93,11,0,3,0.430000007,1,2
greenshot,Fast24RgbBitmap,0,5,0,0,5,58,5,0,3,-1,1,1
greenshot,Fast32RgbBitmap,0,5,0,0,5,58,5,0,3,-1,1,1
greenshot,Fast32ArgbBitmap,0,6,2,0,6,88,7,0,3,-1,2,1
greenshot,FileDescriptor,0,1,10,0,1,45,3,0,0,-1,1,2
greenshot,FileDescriptorFlags,0,0,0,0,0,4,0,0,0,-1,0,1
greenshot,FileDescriptorReader,0,4,0,0,2,77,9,0,0,-1,1,1
greenshot,FilenameHelper,9,15,0,0,13,611,85,0,0,0.270000011,4,15
greenshot,Fraction,1,10,3,0,9,104,13,0,0,0.800000012,0,4
greenshot,GreenshotResources,1,3,0,0,3,16,3,0,0,0,0,19
greenshot,IEHelper,2,7,1,0,6,152,14,0,0,0.430000007,2,3
greenshot,IImage,0,0,7,0,0,31,0,0,0,-1,0,0
greenshot,ImageHelper,3,42,0,0,36,1429,162,0,0,0.379999995,6,36
greenshot,ImageIO,4,17,0,0,15,545,57,0,0,0,17,18
greenshot,InterfaceUtils,1,1,0,0,1,38,7,0,0,0,0,0
greenshot,JSONHelper,13,11,0,12,2,364,66,0,0,0,0,1
greenshot,Language,13,23,3,0,15,661,76,0,0,0.129999995,4,35
greenshot,LanguageFile,0,1,6,0,1,62,13,0,0,-1,0,1
greenshot,LogHelper,2,1,1,0,1,69,8,0,0,0,1,2
greenshot,SpecialFolderPatternConverter,0,1,0,0,0,8,1,0,0,-1,0,0
greenshot,HTTPMethod,0,0,0,0,0,7,0,0,0,-1,0,3
greenshot,NetworkHelper,2,23,0,0,20,575,59,0,0,0.389999986,8,7
greenshot,IBinaryContainer,0,5,2,0,0,10,5,1,0,-1,0,6
greenshot,SurfaceContainer,2,6,2,0,6,67,6,0,1,0,4,2
greenshot,ObjectExtensions,0,3,0,0,3,74,11,0,0,-1,0,1
greenshot,PluginUtils,4,6,0,0,3,162,22,0,0,0.330000013,3,12
greenshot,WuColorCube,0,0,7,0,0,38,0,0,0,-1,0,1
greenshot,WuQuantizer,22,15,0,0,5,604,62,0,0,0,5,2
greenshot,RegistryKeyExtensions,0,1,0,0,1,54,8,0,0,-1,0,0
greenshot,SimpleServiceProvider,1,4,1,0,4,39,8,0,1,0,1,27
greenshot,StringExtensions,3,4,0,0,4,116,9,0,0,0.5,0,0
greenshot,WindowCapture,2,10,0,0,9,321,38,0,0,0.300000012,6,3
greenshot,WindowDetails,17,46,25,0,31,1466,157,0,0,0.349999994,13,19
greenshot,WindowsEnumerator,0,2,1,0,1,57,7,0,0,-1,1,1
greenshot,WindowsVersion,0,1,8,0,1,51,1,0,0,-1,0,5
greenshot,WmInputLangChangeRequestFilter,1,2,0,0,2,28,3,0,0,0,0,1
greenshot,ClickActions,0,0,0,0,0,15,0,0,0,-1,0,2
greenshot,ClipboardFormat,0,0,0,0,0,9,0,0,0,-1,0,3
greenshot,ExifOrientations,0,0,0,0,0,12,0,0,0,-1,0,1
greenshot,OutputFormat,0,0,0,0,0,11,0,0,0,-1,0,14
greenshot,WindowCaptureMode,0,0,0,0,0,8,0,0,0,-1,0,7
greenshot,FileFormatHandlerExtensions,0,6,0,0,6,112,12,0,0,-1,5,0
greenshot,LocalJsonReceiver,4,3,4,0,1,145,8,0,0,0.670000017,2,1
greenshot,LocalServerCodeReceiver,5,3,3,0,1,152,7,0,0,0.670000017,1,1
greenshot,OAuth2AuthorizeMode,0,0,0,0,0,7,0,0,0,-1,0,2
greenshot,OAuth2Helper,10,10,0,0,6,360,54,0,0,0,8,0
greenshot,OAuth2Settings,0,1,16,0,1,98,1,0,0,-1,1,3
greenshot,OAuthSession,21,16,21,0,9,603,70,0,0,0,5,0
greenshot,OAuthSignatureTypes,0,0,0,0,0,5,0,0,0,-1,0,1
greenshot,AdjustEffect,0,3,3,0,3,20,3,0,1,-1,2,0
greenshot,BorderEffect,0,3,2,0,3,18,3,0,1,-1,2,1
greenshot,DropShadowEffect,0,3,3,0,3,21,3,1,1,-1,3,5
greenshot,GrayscaleEffect,0,2,0,0,2,11,2,0,1,-1,2,2
greenshot,IEffect,0,2,0,0,0,15,2,10,0,-1,0,15
greenshot,InvertEffect,0,2,0,0,2,11,2,0,1,-1,2,2
greenshot,MonochromeEffect,1,3,0,0,3,17,3,0,1,0.670000017,2,1
greenshot,ReduceColorsEffect,1,3,1,0,3,32,4,0,1,0.670000017,2,0
greenshot,ResizeCanvasEffect,0,3,5,0,3,24,3,0,1,-1,2,2
greenshot,ResizeEffect,0,3,3,0,3,20,3,0,1,-1,2,2
greenshot,RotateEffect,0,3,1,0,3,33,5,0,1,-1,2,2
greenshot,TornEdgeEffect,0,3,5,0,3,38,4,0,2,-1,3,3
greenshot,HelpFileLoader,2,3,0,0,1,61,8,0,0,0,2,2
greenshot,IHTMLBodyElement,0,0,1,0,0,12,0,0,0,-1,0,0
greenshot,IHTMLCurrentStyle,0,0,7,0,0,49,0,0,0,-1,0,1
greenshot,IHTMLDocument,0,0,1,0,0,12,0,0,0,-1,0,1
greenshot,IHTMLDocument2,0,0,8,0,0,51,0,0,0,-1,3,4
greenshot,IHTMLDocument3,0,3,1,0,0,20,3,0,0,-1,2,1
greenshot,IHTMLDocument4,0,1,0,0,0,9,1,0,0,-1,0,1
greenshot,IHTMLDocument5,0,0,1,0,0,12,0,0,0,-1,0,1
greenshot,IHTMLElement,0,3,14,0,0,71,3,0,0,-1,3,4
greenshot,IHTMLElement2,0,1,1,0,0,15,1,0,0,-1,2,1
greenshot,IHTMLElementCollection,0,1,0,0,0,8,1,0,0,-1,0,2
greenshot,IHTMLFrameBase,0,0,9,0,0,76,0,0,0,-1,0,1
greenshot,IHTMLFramesCollection2,0,1,1,0,0,11,1,0,0,-1,1,1
greenshot,IHTMLRect,0,0,4,0,0,10,0,0,0,-1,0,2
greenshot,IHTMLScreen,0,0,2,0,0,8,0,0,0,-1,0,2
greenshot,IHTMLScreen2,0,0,4,0,0,10,0,0,0,-1,0,1
greenshot,IHTMLSelectionObject,0,3,1,0,0,19,3,0,0,-1,1,1
greenshot,IHTMLStyle,0,4,88,0,0,986,4,0,0,-1,0,1
greenshot,IHTMLTxtRange,0,27,2,0,0,86,27,0,0,-1,1,1
greenshot,IHTMLWindow2,0,0,3,0,0,24,0,0,0,-1,2,3
greenshot,IHTMLWindow3,0,0,2,0,0,8,0,0,0,-1,0,1
greenshot,IHTMLWindow4,0,0,1,0,0,12,0,0,0,-1,1,0
greenshot,IWebBrowser2,0,13,30,0,0,96,13,0,0,-1,0,1
greenshot,IniSectionAttribute,1,1,1,1,1,10,1,0,0,0,0,8
greenshot,IniPropertyAttribute,0,2,9,0,2,22,2,0,0,-1,0,9
greenshot,IniConfig,11,13,5,0,9,484,51,0,0,0,2,64
greenshot,IniReader,4,1,0,0,1,67,8,0,0,0,0,1
greenshot,IniSection,3,8,3,0,8,179,26,7,0,0.620000005,3,10
greenshot,IniValue,5,8,9,0,6,527,50,0,0,0,3,2
greenshot,CaptureMode,0,0,0,0,0,15,0,0,0,-1,0,6
greenshot,DrawingModes,0,0,0,0,0,16,0,0,0,-1,0,3
greenshot,ICapture,0,3,7,0,0,46,3,1,0,-1,1,12
greenshot,ICaptureDetails,0,5,9,0,0,40,5,1,0,-1,3,39
greenshot,ICaptureHelper,0,2,0,0,0,17,2,1,0,-1,3,2
greenshot,ExportInformation,0,2,6,0,2,21,2,0,0,-1,0,24
greenshot,IDestination,0,3,9,0,0,59,3,1,0,-1,3,26
greenshot,FileFormatHandlerActions,0,0,0,0,0,6,0,0,0,-1,0,14
greenshot,IFileFormatHandler,0,4,1,0,4,41,4,8,0,-1,4,14
greenshot,IGreenshotMainForm,0,3,0,0,0,17,3,1,0,-1,0,3
greenshot,INotificationService,0,3,0,0,0,27,3,2,0,-1,0,6
greenshot,IProcessor,0,1,4,0,0,26,1,1,0,-1,2,4
greenshot,IProvideDeviceDpi,0,0,1,0,0,7,0,1,0,-1,0,3
greenshot,IServiceLocator,0,4,0,0,0,27,4,1,0,-1,0,1
greenshot,ISurface,0,35,14,0,0,195,35,1,0,-1,12,78
greenshot,ScreenCaptureMode,0,0,0,0,0,6,0,0,0,-1,0,3
greenshot,SurfaceBackgroundColorEventArgs,0,0,1,0,0,4,0,0,0,-1,0,2
greenshot,SurfaceDrawingModeEventArgs,0,0,1,0,0,4,0,0,0,-1,1,2
greenshot,SurfaceElementEventArgs,0,0,1,0,0,4,0,0,0,-1,1,1
greenshot,SurfaceForegroundColorEventArgs,0,0,1,0,0,4,0,0,0,-1,0,2
greenshot,SurfaceLineThicknessEventArgs,0,0,1,0,0,4,0,0,0,-1,0,2
greenshot,SurfaceMessageEventArgs,0,0,3,0,0,6,0,0,0,-1,2,3
greenshot,SurfaceMessageTyp,0,0,0,0,0,7,0,0,0,-1,0,8
greenshot,SurfaceShadowEventArgs,0,0,1,0,0,4,0,0,0,-1,0,2
greenshot,IAdorner,0,7,8,0,0,75,7,1,0,-1,2,4
greenshot,EditStatus,0,0,0,0,0,8,0,0,0,-1,0,14
greenshot,ICursorContainer,0,1,1,0,0,5,1,1,1,-1,1,3
greenshot,IDrawableContainer,0,12,16,0,0,56,12,5,0,-1,3,29
greenshot,IDrawableContainerList,0,23,5,0,0,31,23,1,0,-1,5,10
greenshot,FieldFlag,0,0,0,0,0,7,0,0,0,-1,0,4
greenshot,IFieldType,0,0,1,0,0,4,0,1,0,-1,0,8
greenshot,IField,0,0,4,0,0,7,0,1,0,-1,1,11
greenshot,FieldChangedEventArgs,0,1,1,0,1,8,1,0,0,-1,1,10
greenshot,IFieldAggregator,0,4,0,0,0,8,4,1,0,-1,4,3
greenshot,IFieldHolder,0,3,0,0,0,7,3,2,0,-1,2,5
greenshot,IIconContainer,0,1,1,0,0,5,1,1,1,-1,1,3
greenshot,IImageContainer,0,1,1,0,0,5,1,1,1,-1,1,3
greenshot,IMemento,0,2,0,0,0,16,2,8,0,-1,0,10
greenshot,ITextContainer,0,1,1,0,0,5,1,1,1,-1,1,3
greenshot,RenderMode,0,0,0,0,0,5,0,0,0,-1,0,26
greenshot,IImageEditor,0,1,2,0,0,15,1,1,0,-1,2,2
greenshot,IOcrProvider,0,2,0,0,0,15,2,1,0,-1,2,5
greenshot,Line,1,3,3,0,2,62,7,0,0,0.670000017,1,2
greenshot,OcrInformation,0,1,3,0,1,39,2,0,0,-1,1,5
greenshot,Word,0,0,2,0,0,11,0,0,0,-1,0,1
greenshot,IGreenshotHost,0,5,0,0,0,36,5,1,0,-1,5,1
greenshot,IGreenshotPlugin,0,3,2,0,0,24,3,5,0,-1,0,7
greenshot,SurfaceOutputSettings,3,5,6,0,5,70,6,0,0,1,4,27
greenshot,ICommon,0,0,0,0,0,3,0,0,0,-1,0,0
greenshot,ComProgIdAttribute,0,2,1,0,2,53,7,0,0,-1,0,2
greenshot,COMWrapper,7,11,1,2,7,530,64,0,0,0,3,1
greenshot,IAppVisibility,0,1,1,0,0,7,1,0,0,-1,2,1
greenshot,MONITOR_APP_VISIBILITY,0,0,0,0,0,4,0,0,0,-1,0,1
greenshot,IDispatch,0,4,0,0,0,16,4,0,1,-1,1,0
greenshot,IOleCommandTarget,0,2,0,0,0,12,2,1,0,-1,0,1
greenshot,IOleWindow,0,2,0,0,0,6,2,0,0,-1,0,1
greenshot,IServiceProvider,0,1,0,0,0,8,1,0,0,-1,0,1
greenshot,IUnknown,0,3,0,0,0,9,3,1,0,-1,0,1
greenshot,WellKnownDestinations,0,0,0,0,0,9,0,0,0,-1,0,11
greenshot,ExternalCommandConfiguration,6,4,11,0,3,119,9,0,1,0.5,4,5
greenshot,ExternalCommandDestination,4,7,3,0,4,208,23,0,2,0.289999992,12,2
greenshot,ExternalCommandForm,0,0,0,0,0,3,0,2,2,-1,1,2
greenshot,ExternalCommandPlugin,4,10,2,0,4,144,23,0,1,0,11,0
greenshot,IconCache,2,1,0,0,1,24,3,0,0,0,3,2
greenshot,SettingsForm,9,10,0,0,1,218,17,0,3,0.300000012,6,1
greenshot,ListviewComparer,0,1,0,0,1,17,3,0,0,-1,0,1
greenshot,SettingsFormDetail,16,9,0,0,1,316,20,0,3,0.219999999,5,1
greenshot,ConfluenceConnector,11,16,1,0,12,247,34,0,0,0,14,2
greenshot,ConfluenceConfiguration,4,0,9,3,0,27,0,0,1,-1,4,5
greenshot,ConfluenceDestination,5,6,6,0,4,188,19,0,2,0.5,19,1
greenshot,ConfluencePlugin,3,6,4,0,4,126,15,0,1,0.330000013,12,5
greenshot,ConfluenceUtils,1,2,0,0,1,145,23,0,0,0,4,2
greenshot,EnumDisplayer,3,3,2,0,0,67,4,0,0,1,2,0
greenshot,LangKey,0,0,0,0,0,6,0,0,0,-1,0,2
greenshot,Page,0,3,5,0,3,31,3,0,0,-1,3,7
greenshot,Space,0,1,2,0,1,10,1,0,0,-1,1,4
greenshot,ConfluenceConfigurationForm,1,5,1,0,2,65,6,0,0,0.600000024,1,1
greenshot,ConfluencePagePicker,3,6,0,0,2,91,9,0,0,0,2,1
greenshot,ConfluenceSearch,7,10,2,0,2,183,21,0,0,0,6,1
greenshot,ConfluenceTreePicker,7,6,0,0,2,176,14,0,0,0,5,1
greenshot,ConfluenceUpload,11,5,7,0,2,178,12,0,0,0.400000006,7,4
greenshot,ITranslationProvider,0,1,0,0,0,9,1,1,0,-1,0,2
greenshot,LanguageChangedEventManager,0,5,1,0,2,39,5,0,0,-1,1,1
greenshot,LanguageXMLTranslationProvider,0,1,0,0,1,14,2,0,1,-1,2,1
greenshot,TranslateExtension,1,2,1,0,2,29,2,0,0,0,1,0
greenshot,TranslationData,1,3,1,0,2,36,4,0,0,0.670000017,2,1
greenshot,TranslationManager,1,1,2,0,1,16,2,0,0,0,1,3
greenshot,ConfluenceSoapServiceService,12,47,2,0,35,480,72,0,0,0.74000001,18,1
greenshot,RemoteSearchResult,5,0,5,0,0,71,0,0,0,-1,0,3
greenshot,RemoteAttachment,10,0,10,0,0,134,0,0,0,-1,0,4
greenshot,AbstractRemotePageSummary,5,0,5,0,0,72,0,1,0,-1,2,2
greenshot,RemotePageSummary,1,0,1,0,0,20,0,1,1,-1,2,7
greenshot,RemotePage,9,0,9,0,0,121,0,0,2,-1,1,7
greenshot,RemoteSpaceSummary,4,0,4,0,0,60,0,1,0,-1,1,5
greenshot,RemoteSpace,3,0,3,0,0,45,0,0,1,-1,1,4
greenshot,searchCompletedEventArgs,1,1,1,0,0,20,1,0,0,0,1,1
greenshot,getSpaceCompletedEventArgs,1,1,1,0,0,20,1,0,0,0,1,1
greenshot,getChildrenCompletedEventArgs,1,1,1,0,0,20,1,0,0,0,1,1
greenshot,loginCompletedEventArgs,1,1,1,0,0,20,1,0,0,0,0,1
greenshot,getPageCompletedEventArgs,1,1,1,0,0,20,1,0,0,0,1,1
greenshot,getPage1CompletedEventArgs,1,1,1,0,0,20,1,0,0,0,1,1
greenshot,logoutCompletedEventArgs,1,1,1,0,0,20,1,0,0,0,0,1
greenshot,addAttachmentCompletedEventArgs,1,1,1,0,0,20,1,0,0,0,1,1
greenshot,addAttachment1CompletedEventArgs,1,1,1,0,0,20,1,0,0,0,1,1
greenshot,getSpacesCompletedEventArgs,1,1,1,0,0,20,1,0,0,0,1,1
greenshot,getPagesCompletedEventArgs,1,1,1,0,0,20,1,0,0,0,1,1
greenshot,GeneratedInternalTypeHelper,0,5,0,0,0,44,5,0,0,-1,0,0
greenshot,"AsyncMemoryCache<TKey,TResult>",4,6,4,0,1,140,12,0,0,0.670000017,0,1
greenshot,IssueTypeBitmapCache,1,3,0,0,1,18,3,0,0,0.670000017,1,1
greenshot,JiraConfiguration,2,0,4,1,0,14,0,0,1,-1,4,3
greenshot,JiraConnector,6,13,4,1,10,248,20,0,0,0,8,3
greenshot,JiraDestination,3,3,5,0,3,125,7,0,2,0.670000017,17,1
greenshot,JiraDetails,0,2,6,0,2,17,2,0,0,-1,0,2
greenshot,JiraEventArgs,0,0,2,0,0,5,0,0,0,-1,2,1
greenshot,JiraEventTypes,0,0,0,0,0,5,0,0,0,-1,0,2
greenshot,JiraMonitor,7,7,2,0,4,170,17,0,0,0,3,1
greenshot,JiraPlugin,2,6,2,0,4,103,16,0,1,0.330000013,9,1
greenshot,LangKey,0,0,0,0,0,16,0,0,0,-1,0,2
greenshot,Log4NetLogger,0,4,0,0,3,86,17,0,0,-1,0,1
greenshot,JiraForm,18,13,0,0,4,400,31,0,0,0.150000006,8,1
greenshot,JiraFormBase,0,0,0,0,0,3,0,1,2,-1,1,1
greenshot,SettingsForm,7,3,0,0,1,134,5,0,3,0.670000017,1,1
greenshot,DisposableCom,0,1,0,0,1,17,2,0,0,-1,2,6
greenshot,DisposableComImplementation<T>,0,3,1,0,2,35,5,0,1,-1,1,1
greenshot,IDisposableCom,0,0,1,0,0,7,0,1,0,-1,0,8
greenshot,Ole32Api,0,2,0,0,1,24,3,0,0,-1,0,1
greenshot,OleAut32Api,0,3,0,0,2,37,4,0,0,-1,3,5
greenshot,ExcelDestination,4,5,6,0,4,66,10,0,2,0.800000012,10,1
greenshot,OneNoteDestination,6,5,6,1,4,98,8,0,2,0.800000012,10,1
greenshot,OutlookDestination,11,7,7,0,4,157,20,0,2,0.430000007,14,1
greenshot,PowerpointDestination,5,5,6,0,4,101,13,0,2,0.600000024,10,1
greenshot,WordDestination,6,5,6,0,4,110,12,0,2,0.600000024,11,2
greenshot,OfficeConfiguration,0,0,9,0,0,23,0,0,1,-1,4,4
greenshot,OfficePlugin,1,6,2,0,4,106,11,0,1,0.670000017,8,0
greenshot,OneNoteNotebook,0,0,2,0,0,11,0,0,0,-1,0,2
greenshot,OneNotePage,0,0,5,0,0,24,0,0,0,-1,1,2
greenshot,OneNoteSection,0,0,3,0,0,15,0,0,0,-1,1,2
greenshot,ExcelExporter,2,7,0,0,3,150,21,0,0,0.289999992,4,1
greenshot,OneNoteExporter,4,7,0,0,3,260,25,0,0,0,10,1
greenshot,OutlookEmailExporter,11,9,0,0,3,714,83,0,0,0,8,1
greenshot,PowerpointExporter,3,8,0,0,3,295,30,0,0,0,6,1
greenshot,WordExporter,3,9,0,0,3,299,28,0,0,0.219999999,6,2
greenshot,EmailFormat,0,0,0,0,0,11,0,0,0,-1,0,2
greenshot,OfficeVersions,0,0,0,0,0,31,0,0,0,-1,0,4
greenshot,Win10OcrDestination,1,2,3,0,2,56,5,0,2,1,9,1
greenshot,Win10ShareDestination,1,2,3,0,1,203,3,0,2,0,14,1
greenshot,MemoryRandomAccessStream,0,7,2,0,6,53,7,0,0,-1,0,1
greenshot,ShareInfo,0,0,10,0,0,13,0,0,0,-1,0,1
greenshot,DataTransferManagerHelper,4,2,1,0,2,45,4,0,0,0,1,1
greenshot,IDataTransferManagerInterOp,0,2,0,0,0,22,2,0,0,-1,0,1
greenshot,Win10OcrProcessor,1,1,2,0,1,33,6,0,2,0,7,1
greenshot,ToastNotificationService,3,7,0,0,5,151,13,0,1,0,4,1
greenshot,Win10Configuration,0,0,1,0,0,6,0,0,1,-1,3,1
greenshot,Win10OcrProvider,3,5,0,0,4,126,12,0,1,1,10,1
greenshot,Win10Plugin,1,4,2,0,4,46,5,0,1,1,12,0
greenshot,EditorConfiguration,0,6,14,0,6,120,11,0,1,-1,8,6
greenshot,LangKey,0,0,0,0,0,57,0,0,0,-1,0,4
greenshot,BindableToolStripButton,0,2,1,0,1,14,2,0,1,-1,1,0
greenshot,BindableToolStripComboBox,0,2,1,0,1,14,2,0,1,-1,1,0
greenshot,BindableToolStripDropDownButton,0,2,2,0,0,43,6,0,1,-1,1,0
greenshot,ColorButton,1,2,2,0,1,55,4,0,1,1,2,0
greenshot,CustomProfessionalColorTable,0,0,6,0,0,27,0,0,0,-1,0,1
greenshot,CustomToolStripProfessionalRenderer,0,2,0,0,1,15,2,0,0,-1,1,0
greenshot,FontFamilyComboBox,0,4,1,0,1,100,13,0,0,-1,0,0
greenshot,MenuStripEx,1,1,1,0,0,29,2,0,0,0,1,0
greenshot,NativeConstants,0,0,0,0,0,9,0,0,0,-1,0,2
greenshot,NonJumpingPanel,0,2,0,0,0,39,4,0,0,-1,0,0
greenshot,Pipette,5,9,0,0,3,139,18,0,0,0,3,0
greenshot,PipetteUsedArgs,1,1,0,1,1,8,1,0,0,0,0,2
greenshot,ToolStripColorButton,1,2,2,0,1,55,4,0,1,1,2,0
greenshot,ToolStripEx,2,1,1,0,0,29,2,0,0,0,1,0
greenshot,ToolStripNumericUpDown,0,4,6,0,1,49,4,0,0,-1,0,0
greenshot,EditorDestination,5,4,5,1,4,99,11,0,2,1,12,3
greenshot,AbstractAdorner,1,8,11,0,8,136,8,3,1,0.879999995,3,3
greenshot,MoveAdorner,2,3,3,0,3,92,4,0,2,0.670000017,5,1
greenshot,ResizeAdorner,2,3,3,0,3,115,4,0,2,0.670000017,6,3
greenshot,TargetAdorner,0,4,0,0,4,73,11,0,2,-1,3,1
greenshot,ArrowContainer,1,5,1,0,3,111,11,0,1,0.600000024,5,3
greenshot,ArrowHeadCombination,0,0,0,0,0,7,0,0,0,-1,0,2
greenshot,CropContainer,0,12,4,0,5,212,22,0,1,-1,10,2
greenshot,CropModes,0,0,0,0,0,19,0,0,0,-1,0,3
greenshot,CursorContainer,2,7,2,0,4,78,11,0,2,0.430000007,4,2
greenshot,DrawableContainer,18,36,22,0,25,540,55,11,1,0.560000002,24,23
greenshot,DrawableContainerList,2,31,5,0,29,656,95,0,1,0.769999981,15,4
greenshot,EllipseContainer,0,10,0,0,7,126,17,0,2,-1,5,3
greenshot,FilterContainer,0,5,0,0,2,71,9,2,2,-1,5,3
greenshot,PreparedFilterMode,0,0,0,0,0,5,0,0,0,-1,0,0
greenshot,PreparedFilter,0,0,0,0,0,9,0,0,0,-1,0,3
greenshot,FreehandContainer,6,14,1,0,9,249,27,0,2,0.209999993,5,2
greenshot,HighlightContainer,0,6,0,0,1,73,12,0,3,-1,11,2
greenshot,IconContainer,2,9,3,0,6,85,13,0,2,0.330000013,4,2
greenshot,ImageContainer,4,14,3,0,6,202,24,0,2,0.209999993,10,3
greenshot,LineContainer,0,7,0,0,3,74,11,1,2,-1,8,3
greenshot,MetafileContainer,1,3,2,0,1,41,5,0,1,0,3,2
greenshot,ObfuscateContainer,0,6,0,0,1,50,10,0,3,-1,7,2
greenshot,Positions,0,0,0,0,0,11,0,0,0,-1,0,7
greenshot,RectangleContainer,0,8,0,0,5,117,15,1,2,-1,5,4
greenshot,SpeechbubbleContainer,2,12,1,0,7,312,27,0,1,0.5,7,2
greenshot,StepLabelContainer,4,12,2,0,6,161,19,0,2,0.419999987,10,2
greenshot,Surface,39,93,22,0,62,2712,300,0,1,0.050000001,59,7
greenshot,SvgContainer,2,3,2,0,1,44,5,0,1,0,2,2
greenshot,TextContainer,5,30,3,0,9,567,83,1,3,0.170000002,9,5
greenshot,VectorGraphicsContainer,2,8,1,0,3,103,12,2,2,0.25,6,3
greenshot,AbstractFieldHolder,6,18,0,0,16,131,22,3,1,0,6,3
greenshot,AbstractFieldHolderWithChildren,3,9,0,1,8,98,19,1,2,0,4,2
greenshot,Field,1,7,4,0,7,83,8,0,1,1,2,3
greenshot,FieldAggregator,3,12,0,0,9,154,31,0,2,0,12,2
greenshot,FieldType,22,4,1,22,3,67,5,0,1,1,1,24
greenshot,"AbstractBindingConverter<T1,T2>",0,3,0,0,1,21,6,0,1,-1,1,3
greenshot,BidirectionalBinding,9,8,1,0,6,137,15,0,0,0,2,1
greenshot,DecimalDoublePercentageConverter,1,4,0,0,1,19,4,0,0,1,1,1
greenshot,DecimalFloatConverter,1,4,0,0,1,19,4,0,0,1,1,1
greenshot,DecimalIntConverter,1,4,0,0,1,19,4,0,0,1,1,1
greenshot,IBindingConverter,0,1,0,0,0,4,1,1,0,-1,0,2
greenshot,IBindingValidator,0,1,0,0,0,4,1,1,0,-1,0,2
greenshot,NotNullValidator,1,3,0,0,2,15,3,0,1,1,1,1
greenshot,AbstractFilter,3,4,2,0,3,39,4,6,2,1,4,7
greenshot,BlurFilter,1,2,1,1,2,45,5,0,3,1,7,3
greenshot,BrightnessFilter,0,2,0,0,2,36,4,0,3,-1,5,2
greenshot,GrayscaleFilter,0,2,0,0,2,51,4,0,3,-1,4,2
greenshot,HighlightFilter,0,2,0,0,2,45,6,0,3,-1,7,2
greenshot,IFilter,0,2,2,0,0,7,2,1,1,-1,3,2
greenshot,MagnifierFilter,0,2,0,0,2,35,4,0,3,-1,5,3
greenshot,PixelizationFilter,0,2,0,0,2,67,15,0,3,-1,8,2
greenshot,EditorInitialize,0,1,0,0,1,22,1,0,0,-1,9,1
greenshot,AbstractFileFormatHandler,0,4,1,0,4,30,5,7,1,-1,6,7
greenshot,DefaultFileFormatHandler,2,3,0,0,3,92,6,0,2,0.670000017,6,1
greenshot,DibFileFormatHandler,3,4,0,0,3,158,9,0,2,0.75,7,1
greenshot,GreenshotFileFormatHandler,2,4,0,0,3,87,7,0,2,0.5,7,1
greenshot,IconFileFormatHandler,2,4,0,0,3,163,13,0,2,0.75,6,1
greenshot,MetaFileFormatHandler,1,4,0,0,4,41,6,0,2,1,8,1
greenshot,SvgFileFormatHandler,2,4,0,0,4,46,5,0,2,0.75,7,1
greenshot,WpfFileFormatHandler,3,4,2,0,3,94,11,0,2,0.5,5,1
greenshot,ColorDialog,22,23,1,0,2,483,38,0,1,0.129999995,5,4
greenshot,ColorPickerToolStripButton,3,3,1,1,1,50,4,0,0,0.670000017,2,0
greenshot,ColorPickerEventArgs,1,1,0,1,1,8,1,0,0,0,0,1
greenshot,DropShadowSettingsForm,12,5,0,0,1,234,6,0,1,0.400000006,2,1
greenshot,EditorForm,0,0,0,0,0,3,0,5,2,-1,1,5
greenshot,ImageEditorForm,180,127,3,0,4,3731,268,0,3,0.059999999,61,3
greenshot,MovableShowColorForm,13,5,1,0,2,246,12,0,0,0.400000006,0,1
greenshot,ResizeSettingsForm,14,10,0,0,1,310,27,0,3,0.200000003,3,1
greenshot,TornEdgeSettingsForm,24,10,0,0,1,485,12,0,3,0.300000012,2,1
greenshot,BinaryFormatterHelper,2,1,0,0,1,81,3,0,0,0,33,1
greenshot,Colors,0,2,0,0,2,31,5,0,0,-1,0,5
greenshot,GeometryHelper,0,2,0,0,2,34,2,0,0,-1,0,3
greenshot,IDoubleProcessor,0,1,0,0,0,4,1,2,0,-1,0,5
greenshot,IHaveScaleOptions,0,1,0,0,0,4,1,0,0,-1,1,2
greenshot,LineAngleRoundBehavior,1,2,0,1,1,11,2,0,1,1,1,1
greenshot,ScaleHelper,0,8,0,0,5,207,20,0,0,-1,4,5
greenshot,ScaleOptions,0,0,0,0,0,16,0,0,0,-1,0,2
greenshot,ShapeAngleRoundBehavior,1,2,0,1,1,11,2,0,1,1,1,1
greenshot,ToolStripItemEndisabler,0,6,0,0,3,66,13,0,0,-1,1,1
greenshot,PropagationMode,0,0,0,0,0,7,0,0,0,-1,0,1
greenshot,AddElementMemento,2,5,0,0,4,37,5,0,1,0.400000006,4,2
greenshot,AddElementsMemento,2,5,0,0,4,35,6,0,1,0.400000006,4,2
greenshot,ChangeFieldHolderMemento,3,5,0,0,4,40,8,0,1,0,3,1
greenshot,DeleteElementMemento,2,5,0,0,4,43,8,0,1,0.400000006,4,2
greenshot,DeleteElementsMemento,2,5,0,0,4,35,6,0,1,0.400000006,4,2
greenshot,DrawableContainerBoundsChangeMemento,3,7,0,0,5,68,12,0,1,0,5,2
greenshot,SurfaceBackgroundChangeMemento,3,5,0,0,4,47,9,0,1,0.400000006,2,1
greenshot,TextChangeMemento,2,5,0,0,4,36,7,0,1,0,2,1
